granularity,scope,method,threshold,n_components,n_heads,n_mlps,n_edges,n_paths,F,faithfulness,rel_gap,incompleteness_mean,incompleteness_max,completeness,head_precision,head_recall,head_f1
node,all,path,5.0,12,11,1,42,25,-0.24930661916732788,-0.098686699251603,1.0786674517354242,0.5698647836388295,1.2238706936283317,0.43013521636117047,0.9090909090909091,0.38461538461538464,0.5405405405405406
node,all,path,10.0,17,15,2,68,58,0.35838955640792847,0.09662761308736544,0.8869119751999924,0.4539649060911398,1.211364884176002,0.5460350939088602,0.8666666666666667,0.5,0.6341463414634146
node,all,path,20.0,22,20,2,95,137,0.6106140613555908,0.17769288504214795,0.8073237992593281,0.4104100433657897,1.1605328470876142,0.5895899566342103,0.85,0.6538461538461539,0.7391304347826086
node,all,path,40.0,39,35,4,166,292,1.3972868919372559,0.43053051857729613,0.559093138003532,0.4347757511949357,1.2305556846591523,0.5652242488050643,0.5428571428571428,0.7307692307692307,0.6229508196721312
node,all,path,80.0,68,60,8,353,776,4.8589301109313965,1.543106986975632,0.5332109964194184,0.36047687749551305,0.6905081292557876,0.639523122504487,0.4,0.9230769230769231,0.5581395348837209
node,all,tree,5.0,13,11,2,26,22,0.030328787863254547,-0.008811529018542898,0.9904299032917968,0.4808189137959015,1.163941233130396,0.5191810862040984,0.8181818181818182,0.34615384615384615,0.4864864864864865
node,all,random,5.0,13,10,3,237,0,0.09515861421823502,0.012024858410737003,0.9699731771413637,0.9344708736462524,1.1935469227443887,0.06552912635374764,0.3,0.11538461538461539,0.16666666666666666
node,all,tree,10.0,19,13,6,37,52,0.2971038520336151,0.07693031090384038,0.9062503714569402,0.5721866262406554,1.5865104274453519,0.4278133737593446,0.8461538461538461,0.4230769230769231,0.5641025641025641
node,all,random,10.0,19,16,3,522,0,0.06549450010061264,0.0024907749609875325,0.9793335393869241,0.9904643797990534,1.1642173574475645,0.00953562020094656,0.0625,0.038461538461538464,0.047619047619047616
node,all,tree,20.0,30,24,6,87,117,1.9126449823379517,0.596167254631546,0.39647448055085316,0.37409686940086323,0.8108530826894964,0.6259031305991367,0.75,0.6923076923076923,0.72
node,all,random,20.0,30,29,1,1319,0,0.10987263917922974,0.016753964471466532,0.9653302404543278,0.8346490657844623,1.1170172543119832,0.1653509342155377,0.20689655172413793,0.23076923076923078,0.21818181818181817
node,all,tree,40.0,42,33,9,128,250,1.6193046569824219,0.5018873064751018,0.4890365471499416,0.36505905313995124,0.7866701480377153,0.6349409468600488,0.6060606060606061,0.7692307692307693,0.6779661016949152
node,all,random,40.0,42,41,1,2537,0,0.04614384472370148,-0.003728549925617291,0.9854395415179397,0.8268828519320621,1.191564608287795,0.17311714806793788,0.21951219512195122,0.34615384615384615,0.26865671641791045
node,all,tree,80.0,71,60,11,266,618,2.6765432357788086,0.8416851105346284,0.15543022274476548,0.18265005563661935,0.7554020324679812,0.8173499443633807,0.4,0.9230769230769231,0.5581395348837209
node,all,random,80.0,71,64,7,6729,0,-0.11955513805150986,-0.056984410628329804,1.0377250234422244,0.8602854176928186,1.632375459569726,0.13971458230718137,0.140625,0.34615384615384615,0.2
node,attention,path,5.0,23,11,12,374,25,1.0562536716461182,0.32092201422418826,0.6667044581001837,0.45912679972273207,1.0682198734139905,0.5408732002772679,0.9090909090909091,0.38461538461538464,0.5405405405405406
node,attention,path,10.0,27,15,12,498,58,1.864920973777771,0.5808286984769558,0.41153355179640716,0.25088111231294463,1.0016310348042907,0.7491188876870554,0.8666666666666667,0.5,0.6341463414634146
node,attention,path,20.0,32,20,12,665,137,1.9055774211883545,0.5938957316216464,0.39870461398044305,0.21927066053986932,0.8295154371201556,0.7807293394601307,0.85,0.6538461538461539,0.7391304347826086
node,attention,path,40.0,47,35,12,1051,292,2.208941698074341,0.6913973903610755,0.3029795398131874,0.21624858920313406,0.4875696727492456,0.7837514107968659,0.5428571428571428,0.7307692307692307,0.6229508196721312
node,attention,path,80.0,72,60,12,1844,776,3.2732205390930176,1.0334579435210567,0.03284830398215382,0.0976319740436341,0.3391096843493405,0.9023680259563659,0.4,0.9230769230769231,0.5581395348837209
node,attention,tree,5.0,23,11,12,359,22,1.032360315322876,0.31324265956093666,0.6742438867027368,0.5217338877240405,1.0364948727933632,0.4782661122759595,0.8181818181818182,0.34615384615384615,0.4864864864864865
node,attention,random,5.0,24,12,12,597,0,-0.05050778388977051,-0.03479250447693878,1.015937477571524,0.9097636609081604,1.0457979323109026,0.09023633909183959,0.16666666666666666,0.07692307692307693,0.10526315789473684
node,attention,tree,10.0,25,13,12,441,52,0.974116325378418,0.2945229682067645,0.6926224852459184,0.38989845162457015,1.4530927847604818,0.6101015483754298,0.8461538461538461,0.4230769230769231,0.5641025641025641
node,attention,random,10.0,29,17,12,955,0,-0.3671468496322632,-0.13656069698959625,1.1158513447004548,1.0557108680938811,1.255629348321923,-0.05571086809388115,0.29411764705882354,0.19230769230769232,0.23255813953488372
node,attention,tree,20.0,36,24,12,714,117,2.3607215881347656,0.740179637223126,0.25508615769755827,0.2291425725490901,0.6878408799415084,0.7708574274509099,0.75,0.6923076923076923,0.72
node,attention,random,20.0,42,30,12,2141,0,-0.3301488757133484,-0.12466950180959128,1.1041768198230337,0.9976518702721838,1.140209493898274,0.002348129727816173,0.1,0.11538461538461539,0.10714285714285714
node,attention,tree,40.0,45,33,12,969,250,2.0089802742004395,0.627129538154697,0.36607636297049395,0.23872365328673656,0.668216958675296,0.7612763467132635,0.6060606060606061,0.7692307692307693,0.6779661016949152
node,attention,random,40.0,50,38,12,3109,0,-1.6401103734970093,-0.5456927687207983,1.5175285922161885,1.3458331761760285,1.6717092883304128,-0.3458331761760285,0.15789473684210525,0.23076923076923078,0.1875
node,attention,tree,80.0,72,60,12,1749,618,2.1564135551452637,0.6745147794002218,0.3195545315339295,0.17273760081426093,0.6522021218411684,0.8272623991857391,0.4,0.9230769230769231,0.5581395348837209
node,attention,random,80.0,78,66,12,7806,0,-0.10003188252449036,-0.05070961183719349,1.0315645582005881,1.2151294879489696,1.9353132367208885,-0.21512948794896958,0.12121212121212122,0.3076923076923077,0.17391304347826086
edge,all,path,5.0,12,11,1,42,25,0.06430014222860336,0.0021069068442640675,0.9797104130157308,0.32652915921519937,1.106900579922608,0.6734708407848007,0.9090909090909091,0.38461538461538464,0.5405405405405406
edge,all,path,10.0,17,15,2,68,58,0.07241936028003693,0.0047164337002538045,0.977148434531871,0.5598482274824337,1.887014450468416,0.4401517725175663,0.8666666666666667,0.5,0.6341463414634146
edge,all,path,20.0,22,20,2,95,137,0.1150992289185524,0.01843379696316747,0.9636810163084455,0.5883606218879007,1.858101708130505,0.4116393781120993,0.85,0.6538461538461539,0.7391304347826086
edge,all,path,40.0,39,35,4,166,292,0.11957916617393494,0.019873654410893678,0.9622673946044065,0.6271748744103105,1.665611734962121,0.3728251255896895,0.5428571428571428,0.7307692307692307,0.6229508196721312
edge,all,path,80.0,68,60,8,353,776,0.11363021284341812,0.017961653355783175,0.9641445569539974,0.35770011595042217,1.1961008823054353,0.6422998840495778,0.4,0.9230769230769231,0.5581395348837209
edge,all,tree,5.0,13,11,2,26,22,0.0686202123761177,0.0034953828031906485,0.9783472365747751,0.4881922225724735,1.365621052691117,0.5118077774275265,0.8181818181818182,0.34615384615384615,0.4864864864864865
edge,all,random,5.0,43,39,4,26,0,0.057744480669498444,-9.099578572893792e-08,0.9817790191001466,1.0050231848042728,1.0139965838314229,-0.005023184804272773,0.20512820512820512,0.3076923076923077,0.24615384615384617
edge,all,tree,10.0,19,13,6,37,52,0.07942824810743332,0.006969099030874048,0.9749368151744617,0.6201867262498133,2.3776990957439867,0.3798132737501867,0.8461538461538461,0.4230769230769231,0.5641025641025641
edge,all,random,10.0,63,61,2,37,0,0.057744480669498444,-9.099578572893792e-08,0.9817790191001466,0.9994298711726923,1.0010651439859723,0.0005701288273076699,0.13114754098360656,0.3076923076923077,0.1839080459770115
edge,all,tree,20.0,30,24,6,87,117,0.1126311868429184,0.017640565147334857,0.9644597945916471,0.51151912179335,1.0025939569981264,0.48848087820665,0.75,0.6923076923076923,0.72
edge,all,random,20.0,103,96,7,87,0,0.057744480669498444,-9.099578572893792e-08,0.9817790191001466,1.014054104662208,1.0527338154853596,-0.014054104662208022,0.19791666666666666,0.7307692307692307,0.3114754098360656
edge,all,tree,40.0,42,33,9,128,250,0.13586601614952087,0.0251082684022328,0.9571281608822703,0.42261556265434963,1.2387248097713344,0.5773844373456504,0.6060606060606061,0.7692307692307693,0.6779661016949152
edge,all,random,40.0,131,123,8,128,0,0.06154881417751312,0.0012226265609318306,0.9805785807659108,0.919401214348818,1.016810005902346,0.08059878565118195,0.17886178861788618,0.8461538461538461,0.2953020134228188
edge,all,tree,80.0,71,60,11,266,618,0.29672771692276,0.07680942060787355,0.9063690590023332,0.32701184528301686,1.234517133509091,0.6729881547169831,0.4,0.9230769230769231,0.5581395348837209
edge,all,random,80.0,149,138,11,266,0,0.06135949492454529,0.001161779115790454,0.9806383195054804,0.9618524971866916,1.0379618613529924,0.038147502813308365,0.18840579710144928,1.0,0.3170731707317073
edge,attention,path,5.0,23,11,12,374,25,0.32676413655281067,0.08646316351585656,0.8968912176219322,0.6584344005765284,1.3140497394985817,0.34156559942347164,0.9090909090909091,0.38461538461538464,0.5405405405405406
edge,attention,path,10.0,27,15,12,498,58,0.336033433675766,0.08944232722660696,0.8939663374624048,0.7645439224050008,1.6398495181618693,0.2354560775949992,0.8666666666666667,0.5,0.6341463414634146
edge,attention,path,20.0,32,20,12,665,137,1.567813754081726,0.48533806575914384,0.5052842429884352,0.46763309140004405,1.1704377766782241,0.532366908599956,0.85,0.6538461538461539,0.7391304347826086
edge,attention,path,40.0,47,35,12,1051,292,1.8229416608810425,0.5673364947073247,0.4247799131734919,0.5666507880616987,1.0726046825516589,0.43334921193830134,0.5428571428571428,0.7307692307692307,0.6229508196721312
edge,attention,path,80.0,72,60,12,1844,776,1.488353967666626,0.45979959083361804,0.5303573795685819,0.348375184039276,1.5270286662132027,0.6516248159607241,0.4,0.9230769230769231,0.5581395348837209
edge,attention,tree,5.0,23,11,12,359,22,0.10362125933170319,0.01474476315481594,0.9673028319726662,0.6076028327150931,1.4510993161362584,0.3923971672849069,0.8181818181818182,0.34615384615384615,0.4864864864864865
edge,attention,random,5.0,51,39,12,987,0,0.08616486191749573,0.009134255151134339,0.972811110515944,0.9929935267250324,0.9986309923499676,0.007006473274967617,0.1282051282051282,0.19230769230769232,0.15384615384615385
edge,attention,tree,10.0,25,13,12,441,52,0.33849912881851196,0.09023480473526839,0.8931882997420904,0.8403749915257182,1.950867982099989,0.15962500847428185,0.8461538461538461,0.4230769230769231,0.5641025641025641
edge,attention,random,10.0,68,56,12,1414,0,0.12045188248157501,0.02015414652577719,0.9619920133560493,0.979456431381825,0.981832272319678,0.020543568618174968,0.14285714285714285,0.3076923076923077,0.1951219512195122
edge,attention,tree,20.0,36,24,12,714,117,2.3772408962249756,0.7454889635438005,0.24987357298468718,0.3683632474515666,0.8701107811670438,0.6316367525484334,0.75,0.6923076923076923,0.72
edge,attention,random,20.0,112,100,12,2467,0,0.13834932446479797,0.025906406806616957,0.9563445654138116,0.9690266104412008,0.9791801618305931,0.030973389558799247,0.18,0.6923076923076923,0.2857142857142857
edge,attention,tree,40.0,45,33,12,969,250,1.8969765901565552,0.5911314137502539,0.40141856302174184,0.45058437637272686,1.5736499307880067,0.5494156236272731,0.6060606060606061,0.7692307692307693,0.6779661016949152
edge,attention,random,40.0,126,114,12,2835,0,0.1782248169183731,0.03872244004950391,0.9437620540128108,0.9639491986141235,0.9904071500350512,0.03605080138587646,0.19298245614035087,0.8461538461538461,0.3142857142857143
edge,attention,tree,80.0,72,60,12,1749,618,1.0465675592422485,0.31780888555983733,0.6697608622284829,0.5596535242786346,1.505086043016816,0.4403464757213654,0.4,0.9230769230769231,0.5581395348837209
edge,attention,random,80.0,154,142,12,3597,0,0.13960252702236176,0.0263091876790164,0.9559491236399786,0.9154994939353192,0.9806494947290176,0.08450050606468085,0.18309859154929578,1.0,0.30952380952380953
node,all,ground truth,,26,26,0,990,0,0.1520393043756485,0.030306383504990857,0.9520247609999026,0.4890117825821312,1.4944462745639262,0.5109882174178688,1.0,1.0,1.0
node,all,full model,,156,144,12,32491,0,3.1691203117370605,1.0,0.0,0.0,0.0,1.0,0.18055555555555555,1.0,0.3058823529411765
node,all,empty,,0,0,0,0,0,0.05774476379156113,0.0,0.9817789297624014,,,,0.0,0.0,0.0
node,attention,ground truth,,38,26,12,1770,0,4.365400314331055,1.3844858919020304,0.3774801474603179,0.2190150780424039,0.4323081428031444,0.7809849219575962,1.0,1.0,1.0
node,attention,full model,,156,144,12,32491,0,3.1691203117370605,1.0,0.0,0.0,0.0,1.0,0.18055555555555555,1.0,0.3058823529411765
node,attention,empty,,12,0,12,90,0,0.08041790127754211,0.007287174799889551,0.9746245350863744,,,,0.0,0.0,0.0
edge,all,ground truth,,26,26,0,990,0,0.1520395129919052,0.030306450554517184,0.9520246951720904,0.5483605188710927,1.7480457176333193,0.4516394811289073,1.0,1.0,1.0
edge,all,full model,,156,144,12,32491,0,3.1691203117370605,1.0,0.0,0.0,0.0,1.0,0.18055555555555555,1.0,0.3058823529411765
edge,all,empty,,0,0,0,0,0,0.057744480669498444,-9.099578572893792e-08,0.9817790191001466,,,,0.0,0.0,0.0
edge,attention,ground truth,,38,26,12,1770,0,4.365400314331055,1.3844858919020304,0.3774801474603179,0.2218301114571221,0.4153571030114224,0.7781698885428779,1.0,1.0,1.0
edge,attention,full model,,156,144,12,32491,0,3.1691203117370605,1.0,0.0,0.0,0.0,1.0,0.18055555555555555,1.0,0.3058823529411765
edge,attention,empty,,12,0,12,90,0,0.08041775226593018,0.007287126907370747,0.9746245821062403,,,,0.0,0.0,0.0
