candidate,parent,depth,isolated,joint,ratio,iso_admits,joint_admits
m1,a8.h6,1,0.0040547847747802734,-8.392333984375e-05,48.31534090909091,False,False
m3,a8.h6,1,-0.000408172607421875,-0.0036373138427734375,0.11221814368117462,False,False
m1,a8.h6,1,0.0002434253692626953,0.0002765655517578125,0.8801724137931034,False,False
m3,a8.h6,1,-6.628036499023438e-05,-0.000423431396484375,0.15653153153153154,False,False
m1,a8.h6,2,-0.0001671314239501953,-0.0002956390380859375,0.5653225806451613,False,False
m3,a8.h6,2,0.0002117156982421875,-0.00051116943359375,0.4141791044776119,False,False
m1,a8.h6,2,0.0004711151123046875,-0.010540008544921875,0.04469779225479551,False,False
m3,a8.h6,2,-0.016870498657226562,-0.0223236083984375,0.7557245386192755,False,False
m1,a8.h6,2,0.0002372264862060547,0.000152587890625,1.5546875,False,False
m3,a8.h6,2,-0.002691984176635742,-0.0032138824462890625,0.8376112759643917,False,False
m1,a8.h6,2,4.458427429199219e-05,3.62396240234375e-05,1.230263157894737,False,False
m3,a8.h6,2,-0.00013375282287597656,-7.05718994140625e-05,1.8952702702702702,False,False
m1,a8.h6,2,0.0003559589385986328,0.0004730224609375,0.7525201612903226,False,False
m3,a8.h6,2,-0.0005023479461669922,-0.0008392333984375,0.5985795454545455,False,False
m1,a8.h6,2,-0.0020983219146728516,-0.0019378662109375,1.0828001968503937,False,False
m3,a8.h6,2,-0.0036051273345947266,-0.0025157928466796875,1.4329984836997725,False,False
m1,a8.h6,2,-0.00018525123596191406,-0.00042724609375,0.43359375,False,False
m3,a8.h6,2,0.0001361370086669922,0.0010623931884765625,0.12814183123877917,False,False
m1,a8.h6,2,-0.009626626968383789,0.0240631103515625,0.40005746670894105,False,False
m3,a8.h6,2,-0.0012629032135009766,0.030933380126953125,0.0408265507460846,False,False
m1,m5,2,0.00597071647644043,0.0059413909912109375,1.0049357945425361,False,False
m2,m5,2,-0.005257844924926758,-0.011182785034179688,0.47017311956336344,False,False
m3,m5,2,-0.0018362998962402344,-0.005741119384765625,0.3198504983388704,False,False
m4,m5,2,-0.0006160736083984375,-0.001186370849609375,0.5192926045016077,False,False
m1,a5.h5,2,-4.0531158447265625e-06,-5.7220458984375e-06,0.7083333333333334,False,False
m1,a5.h5,2,0.00201416015625,0.0056743621826171875,0.3549579831932773,False,False
m1,a8.h6,2,-0.003336668014526367,-0.0036029815673828125,0.9260852302805718,False,False
m3,a8.h6,2,-0.0015552043914794922,-0.001873016357421875,0.8303207739307535,False,False
m1,a8.h6,2,6.079673767089844e-05,7.62939453125e-05,0.796875,False,False
m3,a8.h6,2,-0.0001468658447265625,-0.0001506805419921875,0.9746835443037974,False,False
m1,a8.h6,2,0.0001773834228515625,1.33514404296875e-05,13.285714285714286,False,False
m3,a8.h6,2,-0.00025177001953125,1.52587890625e-05,16.5,False,False
m1,a8.h6,2,-0.002246379852294922,3.62396240234375e-05,61.98684210526316,False,False
m3,a8.h6,2,-0.0074787139892578125,9.34600830078125e-05,80.0204081632653,False,False
m1,a8.h6,2,-0.0372774600982666,-0.013580322265625,2.7449613764044942,False,False
m3,a8.h6,2,-0.06471514701843262,-0.027082443237304688,2.389560884569336,True,False
m1,a8.h6,2,-0.0005023479461669922,-0.0008411407470703125,0.5972222222222222,False,False
m3,a8.h6,2,-0.0018839836120605469,0.0002727508544921875,6.9073426573426575,False,False
m1,a8.h6,2,0.005266666412353516,0.0031642913818359375,1.6644062688366486,False,False
m3,a8.h6,2,0.008579730987548828,0.0058155059814453125,1.4753197769760578,False,False
m1,a8.h6,2,-5.7220458984375e-06,2.47955322265625e-05,0.23076923076923078,False,False
m3,a8.h6,2,-8.20159912109375e-05,-0.0001506805419921875,0.5443037974683544,False,False
m1,a5.h5,2,4.76837158203125e-07,-1.9073486328125e-06,0.25,False,False
m1,a5.h5,2,0.0012905597686767578,0.001384735107421875,0.9319903581267218,False,False
m1,a8.h6,2,0.0016217231750488281,-0.025640487670898438,0.06324853083389124,False,False
m3,a8.h6,2,0.012463092803955078,-0.03188133239746094,0.3909213281483697,False,False
m1,a8.h6,2,-0.0005557537078857422,-0.0003414154052734375,1.6277932960893855,False,False
m3,a8.h6,2,0.0007386207580566406,-0.0007686614990234375,0.9609181141439206,False,False
m1,a8.h6,2,0.0003712177276611328,1.1444091796875e-05,32.4375,False,False
m3,a8.h6,2,-0.0010929107666015625,-0.00011444091796875,9.55,False,False
m1,a8.h6,2,-0.010966062545776367,-0.00417327880859375,2.627685100548446,False,False
m3,a8.h6,2,-0.015228509902954102,-0.00702667236328125,2.1672434853420195,False,False
m1,a8.h6,2,-4.410743713378906e-05,-1.9073486328125e-05,2.3125,False,False
m3,a8.h6,2,-0.0006744861602783203,0.000316619873046875,2.1302710843373496,False,False
m1,a8.h6,2,-0.017589092254638672,0.0016326904296875,10.773072429906541,False,False
m3,a8.h6,2,-0.023368120193481445,-0.013263702392578125,1.7618097497842968,False,False
m1,a8.h6,2,0.0002911090850830078,-9.34600830078125e-05,3.114795918367347,False,False
m3,a8.h6,2,-0.0019354820251464844,-0.0002307891845703125,8.386363636363637,False,False
m1,a8.h6,2,-0.03404879570007324,-0.010433197021484375,3.2635054844606946,False,False
m3,a8.h6,2,-0.04073333740234375,-0.018629074096679688,2.1865465342479777,False,False
m1,a8.h6,2,-0.0001621246337890625,-0.000148773193359375,1.0897435897435896,False,False
m3,a8.h6,2,-0.00031685829162597656,0.0004291534423828125,0.7383333333333333,False,False
m1,a8.h6,2,-0.01846146583557129,0.005962371826171875,3.0963291746641075,False,False
m3,a8.h6,2,-0.014759063720703125,0.0026092529296875,5.656432748538012,False,False
m1,a8.h6,2,0.0005834102630615234,7.62939453125e-06,76.46875,False,False
m3,a8.h6,2,-0.003478527069091797,0.000186920166015625,18.60969387755102,False,False
m1,a8.h6,2,-0.05384707450866699,0.0037174224853515625,14.485056439199589,True,False
m3,a8.h6,2,-0.07410931587219238,0.0021457672119140625,34.537444444444446,True,False
m1,a8.h6,2,-0.04117417335510254,-0.016628265380859375,2.4761556549667354,False,False
m3,a8.h6,2,-0.02513575553894043,-0.014156341552734375,1.7755827270277553,False,False
m1,a8.h6,2,0.00033736228942871094,-0.00040435791015625,0.8343160377358491,False,False
m3,a8.h6,2,-0.0016727447509765625,0.000244140625,6.8515625,False,False
m1,a8.h6,3,0.0031774044036865234,0.0029506683349609375,1.076842275371687,False,False
m3,a8.h6,3,0.003737211227416992,0.0064487457275390625,0.5795252883762201,False,False
m1,a8.h6,3,2.3365020751953125e-05,0.0001125335693359375,0.2076271186440678,False,False
m3,a8.h6,3,0.00015234947204589844,0.0001239776611328125,1.228846153846154,False,False
m1,a5.h5,3,-5.0067901611328125e-06,-1.9073486328125e-06,2.625,False,False
m1,a5.h5,3,0.0051708221435546875,0.003810882568359375,1.3568568568568569,False,False
m1,a5.h5,3,-2.7418136596679688e-05,-3.814697265625e-06,7.1875,False,False
m1,a5.h5,3,0.004641294479370117,0.0017795562744140625,2.608118971061093,False,False
m1,a8.h6,3,0.0001552104949951172,0.0002593994140625,0.5983455882352942,False,False
m3,a8.h6,3,0.0002276897430419922,3.24249267578125e-05,7.022058823529412,False,False
m1,a8.h6,3,0.004896640777587891,0.00159454345703125,3.0708732057416266,False,False
m3,a8.h6,3,0.009222745895385742,0.00677490234375,1.3613105292792793,False,False
m1,a8.h6,3,9.5367431640625e-06,-9.5367431640625e-06,1.0,False,False
m3,a8.h6,3,9.34600830078125e-05,-9.5367431640625e-06,9.8,False,False
m1,a8.h6,3,0.001725912094116211,-4.38690185546875e-05,39.34239130434783,False,False
m3,a8.h6,3,0.0027370452880859375,-2.288818359375e-05,119.58333333333333,False,False
m1,a5.h5,3,1.71661376953125e-05,5.7220458984375e-06,3.0,False,False
m1,a5.h5,3,0.004494905471801758,0.0102081298828125,0.44032604633781763,False,False
m1,a6.h9,3,0.006057024002075195,0.0130767822265625,0.46318917736289383,False,False
m2,a6.h9,3,0.0028684139251708984,0.006755828857421875,0.4245835686053077,False,False
m4,a6.h9,3,0.010805845260620117,0.018798828125,0.5748148336038961,False,False
m1,a6.h9,3,1.5020370483398438e-05,-3.814697265625e-06,3.9375,False,False
m2,a6.h9,3,4.00543212890625e-05,3.814697265625e-05,1.05,False,False
m4,a6.h9,3,-1.0728836059570312e-05,1.71661376953125e-05,0.625,False,False
m1,a8.h6,3,-0.0028815269470214844,-0.002529144287109375,1.1393288084464555,False,False
m3,a8.h6,3,-0.003348827362060547,-0.001232147216796875,2.7178792569659445,False,False
m1,a8.h6,3,-5.364418029785156e-05,0.000156402587890625,0.3429878048780488,False,False
m3,a8.h6,3,-0.00010800361633300781,-0.0002613067626953125,0.41332116788321166,False,False
m1,a8.h6,3,-0.002892732620239258,-0.0044765472412109375,0.6461972731146144,False,False
m3,a8.h6,3,0.0035839080810546875,0.0050258636474609375,0.7130929791271348,False,False
m1,a8.h6,3,5.3882598876953125e-05,8.0108642578125e-05,0.6726190476190477,False,False
m3,a8.h6,3,-5.14984130859375e-05,-0.000217437744140625,0.23684210526315788,False,False
m1,a6.h9,3,0.004772663116455078,0.01322174072265625,0.36097085978072707,False,False
m2,a6.h9,3,0.0047376155853271484,0.012086868286132812,0.39196386302666875,False,False
m4,a6.h9,3,0.00036978721618652344,0.005321502685546875,0.06948924731182796,False,False
m1,a6.h9,3,4.696846008300781e-05,5.14984130859375e-05,0.9120370370370371,False,False
m2,a6.h9,3,1.4066696166992188e-05,2.09808349609375e-05,0.6704545454545454,False,False
m4,a6.h9,3,-3.361701965332031e-05,-3.0517578125e-05,1.1015625,False,False
m1,a8.h6,3,0.0001614093780517578,-0.0051727294921875,0.031203908554572272,False,False
m3,a8.h6,3,0.0017354488372802734,-0.017269134521484375,0.10049425668212944,False,False
m1,a8.h6,3,8.273124694824219e-05,0.000118255615234375,0.6995967741935484,False,False
m3,a8.h6,3,-6.508827209472656e-05,-0.000232696533203125,0.2797131147540984,False,False
m1,a5.h5,3,-1.430511474609375e-06,-3.4332275390625e-05,0.041666666666666664,False,False
m1,a5.h5,3,0.0008075237274169922,-0.004657745361328125,0.17337223587223588,False,False
m1,a6.h9,3,0.0040760040283203125,-0.014240264892578125,0.28623091347441737,False,False
m2,a6.h9,3,0.003940582275390625,-0.014936447143554688,0.26382326650491633,False,False
m4,a6.h9,3,0.003876209259033203,-0.008817672729492188,0.43959550075708415,False,False
m1,a6.h9,3,2.0265579223632812e-05,-6.103515625e-05,0.33203125,False,False
m2,a6.h9,3,5.7220458984375e-06,-2.86102294921875e-05,0.2,False,False
m4,a6.h9,3,-8.821487426757812e-06,4.00543212890625e-05,0.22023809523809523,False,False
m1,a8.h6,3,-0.0004208087921142578,3.814697265625e-06,110.3125,False,False
m3,a8.h6,3,0.0007431507110595703,-9.5367431640625e-06,77.925,False,False
m1,a8.h6,3,0.007626771926879883,-4.1961669921875e-05,181.7556818181818,False,False
m3,a8.h6,3,0.008438587188720703,1.9073486328125e-05,442.425,False,False
m1,a5.h5,3,3.5762786865234375e-06,-1.33514404296875e-05,0.26785714285714285,False,False
m1,a5.h5,3,0.003958463668823242,0.0007915496826171875,5.000903614457831,False,False
m1,a3.h0,3,0.0019142627716064453,0.0008907318115234375,2.149089935760171,False,False
m1,a3.h0,3,0.0010020732879638672,0.015913009643554688,0.06297195253505933,False,False
m1,a5.h5,3,-2.2411346435546875e-05,-8.58306884765625e-05,0.2611111111111111,False,False
m1,a5.h5,3,0.004101991653442383,0.008813858032226562,0.46540251027916035,False,False
m1,a6.h9,3,-0.0007967948913574219,0.01384735107421875,0.057541322314049584,False,False
m2,a6.h9,3,0.005624055862426758,0.013628005981445312,0.41268369489153256,False,False
m4,a6.h9,3,-0.0073413848876953125,0.0064144134521484375,1.144513826940232,False,False
m1,a6.h9,3,-3.0994415283203125e-06,-2.86102294921875e-05,0.10833333333333334,False,False
m2,a6.h9,3,3.170967102050781e-05,-5.7220458984375e-06,5.541666666666667,False,False
m4,a6.h9,3,0.0,9.5367431640625e-06,0.0,False,False
m1,a8.h6,3,0.004208803176879883,-0.003284454345703125,1.281431475029036,False,False
m3,a8.h6,3,0.017464876174926758,-0.0047397613525390625,3.684758551307847,False,False
m1,a8.h6,3,0.00023698806762695312,4.9591064453125e-05,4.778846153846154,False,False
m3,a8.h6,3,0.0001277923583984375,-0.000240325927734375,0.5317460317460317,False,False
m1,a5.h5,3,0.04704093933105469,0.00070953369140625,66.29838709677419,False,False
m1,a3.h0,3,0.027081727981567383,-0.013532638549804688,2.001215644820296,False,False
m1,a5.h5,3,0.0001437664031982422,-3.0517578125e-05,4.7109375,False,False
m1,a3.h0,3,-0.0008647441864013672,-0.000514984130859375,1.6791666666666667,False,False
m3,m7,3,-0.0016131401062011719,-0.0002288818359375,7.047916666666667,False,False
m1,a5.h5,3,-0.00026345252990722656,-0.000194549560546875,1.3541666666666667,False,False
m1,a5.h5,3,0.0011181831359863281,0.003082275390625,0.36277846534653463,False,False
m1,a5.h5,3,0.011966705322265625,0.0020599365234375,5.809259259259259,False,False
m1,a3.h0,3,0.014360904693603516,-0.0016422271728515625,8.744773519163763,False,False
m1,a5.h5,3,-9.5367431640625e-06,-1.9073486328125e-05,0.5,False,False
m1,a3.h0,3,0.0005886554718017578,-0.0001544952392578125,3.810185185185185,False,False
m1,a8.h6,3,0.005678653717041016,0.0064487457275390625,0.8805826678497486,False,False
m3,a8.h6,3,0.009136676788330078,0.009479522705078125,0.9638329979879275,False,False
m1,a8.h6,3,7.43865966796875e-05,0.0001316070556640625,0.5652173913043478,False,False
m3,a8.h6,3,0.0003368854522705078,0.0001163482666015625,2.8954918032786887,False,False
m1,a8.h6,3,0.00012373924255371094,1.9073486328125e-05,6.4875,False,False
m3,a8.h6,3,0.00015234947204589844,-7.05718994140625e-05,2.1587837837837838,False,False
m1,a8.h6,3,0.003613710403442383,0.000194549560546875,18.574754901960784,False,False
m3,a8.h6,3,0.006422758102416992,0.001506805419921875,4.2625,False,False
m1,m5,3,-0.017813444137573242,0.002506256103515625,7.107591324200913,False,False
m2,m5,3,-0.009672880172729492,0.0010223388671875,9.46152052238806,False,False
m3,m5,3,-0.008340835571289062,-0.005523681640625,1.5100138121546962,False,False
m4,m5,3,-0.018712997436523438,0.002834320068359375,6.602288021534321,False,False
m1,a5.h5,3,-0.00010704994201660156,3.814697265625e-06,28.0625,False,False
m1,a5.h5,3,-0.0029785633087158203,0.0055522918701171875,0.5364565441429062,False,False
m1,a6.h9,3,-0.005106687545776367,0.008005142211914062,0.6379258994519895,False,False
m2,a6.h9,3,-0.004494905471801758,0.010732650756835938,0.4188066465256798,False,False
m4,a6.h9,3,-0.006489992141723633,0.009609222412109375,0.6753920206431123,False,False
m1,a6.h9,3,-5.841255187988281e-05,3.814697265625e-06,15.3125,False,False
m2,a6.h9,3,-1.4781951904296875e-05,1.52587890625e-05,0.96875,False,False
m4,a6.h9,3,3.314018249511719e-05,-1.1444091796875e-05,2.8958333333333335,False,False
m1,a8.h6,3,0.0033943653106689453,0.0032482147216796875,1.0449941280093953,False,False
m3,a8.h6,3,0.0043487548828125,0.003620147705078125,1.2012644889357218,False,False
m1,a8.h6,3,-0.0001518726348876953,4.57763671875e-05,3.3177083333333335,False,False
m3,a8.h6,3,0.00025916099548339844,0.0001125335693359375,2.3029661016949152,False,False
m1,a8.h6,3,-0.00022125244140625,-1.9073486328125e-06,116.0,False,False
m3,a8.h6,3,0.0003437995910644531,3.814697265625e-06,90.125,False,False
m1,a8.h6,3,0.003522634506225586,-4.9591064453125e-05,71.03365384615384,False,False
m3,a8.h6,3,0.0050084590911865234,-0.0002346038818359375,21.348577235772357,False,False
m1,a8.h6,3,-0.0001437664031982422,8.0108642578125e-05,1.7946428571428572,False,False
m3,a8.h6,3,0.0002377033233642578,9.1552734375e-05,2.5963541666666665,False,False
m1,a8.h6,3,0.006426572799682617,0.004535675048828125,1.4168944491169049,False,False
m3,a8.h6,3,0.0026466846466064453,0.003021240234375,0.8760258838383839,False,False
m1,a8.h6,3,0.0016667842864990234,0.003238677978515625,0.5146495877502945,False,False
m3,a8.h6,3,0.002290010452270508,0.0045757293701171875,0.5004689453939142,False,False
m1,a8.h6,3,-6.604194641113281e-05,-6.67572021484375e-05,0.9892857142857143,False,False
m3,a8.h6,3,0.00017714500427246094,0.0001316070556640625,1.3460144927536233,False,False
m1,a5.h5,3,-2.47955322265625e-05,-8.392333984375e-05,0.29545454545454547,False,False
m1,a5.h5,3,0.0003345012664794922,0.00403594970703125,0.08288043478260869,False,False
m1,a5.h5,3,6.4373016357421875e-06,-1.33514404296875e-05,0.48214285714285715,False,False
m1,a5.h5,3,0.002316713333129883,0.0015468597412109375,1.4976880394574599,False,False
m1,a5.h5,3,8.58306884765625e-05,-5.7220458984375e-06,15.0,False,False
m1,a5.h5,3,0.011945724487304688,0.0009212493896484375,12.96687370600414,False,False
m1,a8.h6,3,0.003541231155395508,0.0053043365478515625,0.6676105717367853,False,False
m3,a8.h6,3,0.0033414363861083984,0.00612640380859375,0.5454156288916563,False,False
m1,a8.h6,3,2.09808349609375e-05,2.47955322265625e-05,0.8461538461538461,False,False
m3,a8.h6,3,0.0001468658447265625,0.00019073486328125,0.77,False,False
m1,a8.h6,3,0.0011365413665771484,0.003536224365234375,0.3213996763754045,False,False
m3,a8.h6,3,0.0013492107391357422,0.0061187744140625,0.2205034289276808,False,False
m1,a8.h6,3,2.86102294921875e-05,-5.7220458984375e-06,5.0,False,False
m3,a8.h6,3,2.1696090698242188e-05,9.918212890625e-05,0.21875,False,False
m1,a5.h5,3,3.4809112548828125e-05,-1.71661376953125e-05,2.0277777777777777,False,False
m1,a5.h5,3,0.012214422225952148,-0.0030651092529296875,3.9849875544492845,False,False
m1,a5.h5,3,-5.4836273193359375e-05,-3.814697265625e-05,1.4375,False,False
m1,a5.h5,3,0.005325794219970703,0.004673004150390625,1.1396938775510204,False,False
m1,a5.h5,3,0.0001323223114013672,-2.09808349609375e-05,6.306818181818182,False,False
m1,a5.h5,3,0.03138232231140137,-0.0019016265869140625,16.50288365095286,False,False
m1,a8.h6,3,-0.0035572052001953125,-0.001018524169921875,3.49250936329588,False,False
m3,a8.h6,3,-0.0049495697021484375,-0.005001068115234375,0.9897025171624714,False,False
m1,a8.h6,3,9.036064147949219e-05,-6.866455078125e-05,1.3159722222222223,False,False
m3,a8.h6,3,-0.0002772808074951172,8.58306884765625e-05,3.2305555555555556,False,False
m1,a8.h6,3,0.0017025470733642578,-0.00675201416015625,0.2521539548022599,False,False
m3,a8.h6,3,0.0015799999237060547,-0.0030059814453125,0.525618654822335,False,False
m1,a8.h6,3,5.602836608886719e-05,9.34600830078125e-05,0.5994897959183674,False,False
m3,a8.h6,3,1.1205673217773438e-05,-0.0002613067626953125,0.04288321167883212,False,False
m1,a5.h5,3,-5.7220458984375e-06,-4.9591064453125e-05,0.11538461538461539,False,False
m1,a5.h5,3,0.016016006469726562,0.00396728515625,4.037019230769231,False,False
m1,a5.h5,3,0.0002827644348144531,-2.86102294921875e-05,9.883333333333333,False,False
m1,a5.h5,3,0.07273221015930176,-0.0053157806396484375,13.682319698600645,True,False
m1,a3.h0,3,-0.0003261566162109375,0.000751495361328125,0.434010152284264,False,False
m1,a3.h0,3,0.006880521774291992,0.01735687255859375,0.39641483516483517,False,False
m3,m7,3,0.020145893096923828,-0.0079803466796875,2.5244383365200767,False,False
m1,a5.h5,3,-9.942054748535156e-05,-8.96453857421875e-05,1.1090425531914894,False,False
m1,a5.h5,3,0.008063554763793945,0.0067157745361328125,1.2006887247940925,False,False
m1,a6.h9,3,0.014391660690307617,0.0107269287109375,1.3416385135135136,False,False
m2,a6.h9,3,0.00932931900024414,0.010631561279296875,0.8775116612845354,False,False
m4,a6.h9,3,0.009979724884033203,0.005924224853515625,1.6845621377978106,False,False
m1,a6.h9,3,-3.0040740966796875e-05,-4.1961669921875e-05,0.7159090909090909,False,False
m2,a6.h9,3,8.106231689453125e-06,-5.7220458984375e-06,1.4166666666666667,False,False
m4,a6.h9,3,8.654594421386719e-05,2.288818359375e-05,3.78125,False,False
m1,a5.h5,3,0.0001575946807861328,-3.24249267578125e-05,4.860294117647059,False,False
m1,a5.h5,3,0.021398544311523438,0.0012760162353515625,16.769805680119582,False,False
m1,a5.h5,3,0.008826971054077148,0.0019855499267578125,4.4456051873198845,False,False
m1,a3.h0,3,0.014242887496948242,0.0004673004150390625,30.47908163265306,False,False
m1,a5.h5,3,-2.2411346435546875e-05,-2.47955322265625e-05,0.9038461538461539,False,False
m1,a3.h0,3,0.0002467632293701172,-4.00543212890625e-05,6.160714285714286,False,False
m1,a8.h6,3,0.008236408233642578,0.0065708160400390625,1.2534833091436866,False,False
m3,a8.h6,3,0.010085344314575195,0.009632110595703125,1.0470544554455445,False,False
m1,a8.h6,3,-0.00010132789611816406,-3.4332275390625e-05,2.951388888888889,False,False
m3,a8.h6,3,0.0004780292510986328,0.0002460479736328125,1.942829457364341,False,False
m1,a8.h6,3,0.0048024654388427734,0.0045795440673828125,1.0486776343190338,False,False
m3,a8.h6,3,0.005095243453979492,0.006702423095703125,0.7602091633466136,False,False
m1,a8.h6,3,-8.7738037109375e-05,-0.000148773193359375,0.5897435897435898,False,False
m3,a8.h6,3,0.00026297569274902344,0.0002574920654296875,1.0212962962962964,False,False
m1,a8.h6,3,0.008805513381958008,0.0044765472412109375,1.967032381763954,False,False
m3,a8.h6,3,0.009438037872314453,0.0061798095703125,1.5272376543209876,False,False
m1,a8.h6,3,8.821487426757812e-06,-9.5367431640625e-05,0.0925,False,False
m3,a8.h6,3,0.0004849433898925781,0.000217437744140625,2.2302631578947367,False,False
m1,a8.h6,3,-4.1484832763671875e-05,7.62939453125e-06,5.4375,False,False
m3,a8.h6,3,0.0008075237274169922,-2.288818359375e-05,35.28125,False,False
m1,a8.h6,3,0.013639211654663086,-0.000530242919921875,25.72257194244604,False,False
m3,a8.h6,3,0.017885684967041016,-0.0003662109375,48.83984375,False,False
m1,a5.h5,4,-5.0067901611328125e-06,-1.9073486328125e-06,2.625,False,False
m1,a5.h5,4,-0.003377199172973633,-0.00286102294921875,1.1804166666666667,False,False
m1,a5.h5,4,-1.6450881958007812e-05,1.9073486328125e-06,8.625,False,False
m1,a5.h5,4,-0.007820367813110352,-0.00372314453125,2.1004738729508197,False,False
m1,a8.h6,4,3.170967102050781e-05,0.0001068115234375,0.296875,False,False
m3,a8.h6,4,0.00010371208190917969,8.392333984375e-05,1.2357954545454546,False,False
m1,a8.h6,4,-1.1920928955078125e-06,0.0,1192092.8955078125,False,False
m3,a8.h6,4,5.7220458984375e-06,-1.9073486328125e-06,3.0,False,False
m1,a5.h5,4,9.5367431640625e-06,1.9073486328125e-05,0.5,False,False
m1,a5.h5,4,-0.0006296634674072266,0.002960205078125,0.21270940721649484,False,False
m1,a8.h6,4,-0.0003216266632080078,-0.00078582763671875,0.4092839805825243,False,False
m3,a8.h6,4,-0.0016028881072998047,0.0074672698974609375,0.21465517241379312,False,False
m1,a8.h6,4,-5.7220458984375e-06,-3.814697265625e-05,0.15,False,False
m3,a8.h6,4,-3.62396240234375e-05,0.0001430511474609375,0.25333333333333335,False,False
m1,a5.h5,4,-1.7881393432617188e-05,5.7220458984375e-06,3.125,False,False
m1,a5.h5,4,-0.009107589721679688,-0.002651214599609375,3.435251798561151,False,False
m1,a5.h5,4,-4.029273986816406e-05,-9.5367431640625e-06,4.225,False,False
m1,a5.h5,4,-0.007218837738037109,-0.002338409423828125,3.0870717781402934,False,False
m1,a5.h5,4,-2.6226043701171875e-05,5.7220458984375e-06,4.583333333333333,False,False
m1,a5.h5,4,-0.003638744354248047,0.0005588531494140625,6.511092150170649,False,False
m1,a8.h6,4,-0.00238800048828125,-0.002429962158203125,0.9827315541601256,False,False
m3,a8.h6,4,-0.002687692642211914,-0.003627777099609375,0.7408648790746583,False,False
m1,a8.h6,4,9.655952453613281e-05,1.9073486328125e-05,5.0625,False,False
m3,a8.h6,4,-0.00020933151245117188,-7.62939453125e-05,2.74375,False,False
